{
  "name" : "Customer-1620303739972",
  "sourceOrgId" : "lpnmZstyn6Ef7YjqBn8Tir",
  "sourceOrgName" : "knoldus",
  "exportedObjects" : [ {
    "objectGuid" : "ac9cQT6U0yTgpmdunqRQ0r",
    "objectName" : "Customer",
    "objectType" : "Folder",
    "path" : "/Explore/Default",
    "metadata" : {
      "modelVersion" : {
        "major" : 0,
        "minor" : 0
      },
      "repoInfo" : null,
      "objectRefs" : [ ],
      "contextAttributes" : [ ],
      "additionalInfo" : {
        "description" : "",
        "contentType" : "Binary",
        "documentState" : "COMPLETE"
      }
    }
  }, {
    "objectGuid" : "hFnp4OA1aSihwIGNlK0nET",
    "objectName" : "Customers",
    "objectType" : "PROCESS",
    "path" : "/Explore/Default/Customer",
    "metadata" : {
      "modelVersion" : {
        "major" : 1,
        "minor" : 0
      },
      "repoInfo" : {
        "repoHandle" : "abcmWR7hsAVR3aa-gt-67029-2021-05-06T11:45:01Z::pd.xml"
      },
      "objectRefs" : [ "3bWKS3MIIKRbGyfGjoG4a3", "9vgHNV4yTi0hHTSx02gDyF" ],
      "contextAttributes" : null,
      "additionalInfo" : {
        "description" : "",
        "contentType" : "application/json; charset=utf-8",
        "documentState" : "VALID"
      }
    }
  }, {
    "objectGuid" : "3bWKS3MIIKRbGyfGjoG4a3",
    "objectName" : "customerResponse",
    "objectType" : "PROCESS_OBJECT",
    "path" : "/Explore/Default/Customer",
    "metadata" : {
      "modelVersion" : {
        "major" : 1,
        "minor" : 0
      },
      "repoInfo" : {
        "repoHandle" : "0JQhtGci3zymbdu-gt-64780-2021-05-06T12:09:06.997Z::po.xml"
      },
      "objectRefs" : [ ],
      "contextAttributes" : null,
      "additionalInfo" : {
        "description" : "",
        "contentType" : "application/json; charset=utf-8",
        "documentState" : "VALID"
      }
    }
  }, {
    "objectGuid" : "1S9jJnBLkPhjVe7YPodoek",
    "objectName" : "ApigeeConnector",
    "objectType" : "AI_SERVICE_CONNECTOR",
    "path" : "/Explore/Default/Customer",
    "metadata" : {
      "modelVersion" : {
        "major" : 1,
        "minor" : 0
      },
      "repoInfo" : {
        "repoHandle" : "C6LlRkPUEbfV3HR-gt-6552089-2021-05-06T11:53:39.457Z::svc.xml"
      },
      "objectRefs" : [ ],
      "contextAttributes" : null,
      "additionalInfo" : {
        "description" : "",
        "contentType" : "application/json; charset=utf-8",
        "documentState" : "VALID"
      }
    }
  }, {
    "objectGuid" : "9vgHNV4yTi0hHTSx02gDyF",
    "objectName" : "ApigeeConnection",
    "objectType" : "AI_CONNECTION",
    "path" : "/Explore/Default/Customer",
    "metadata" : {
      "modelVersion" : {
        "major" : 1,
        "minor" : 0
      },
      "repoInfo" : {
        "repoHandle" : "q3C7snSDg8SOlA1-gt-64769-2021-05-06T12:03:22.62Z::conn.xml"
      },
      "objectRefs" : [ "1S9jJnBLkPhjVe7YPodoek" ],
      "contextAttributes" : null,
      "additionalInfo" : {
        "description" : "",
        "contentType" : "application/json; charset=utf-8",
        "documentState" : "VALID"
      }
    }
  }, {
    "objectGuid" : "bwLCxm1ZN4Jibfn9jhKDWd",
    "objectName" : "Default",
    "objectType" : "Project",
    "path" : "/Explore",
    "metadata" : {
      "modelVersion" : {
        "major" : 0,
        "minor" : 0
      },
      "repoInfo" : null,
      "objectRefs" : [ ],
      "contextAttributes" : [ {
        "name" : "IS_DEF_LOC",
        "value" : "true"
      } ],
      "additionalInfo" : {
        "description" : "Auto-generated Default Project",
        "contentType" : null,
        "documentState" : "COMPLETE"
      }
    }
  } ]
}