<aetgt:getResponse xmlns:aetgt="http://schemas.active-endpoints.com/appmodules/repository/2010/10/avrepository.xsd"
                   xmlns:types1="http://schemas.active-endpoints.com/appmodules/repository/2010/10/avrepository.xsd">
   <types1:Item>
      <types1:EntryId>q3C7snSDg8SOlA1-gt-64769-2021-05-06T12:03:22.62Z::conn.xml</types1:EntryId>
      <types1:Name>ApigeeConnection</types1:Name>
      <types1:MimeType>application/xml+connection</types1:MimeType>
      <types1:Description/>
      <types1:AppliesTo/>
      <types1:Tags/>
      <types1:VersionLabel>1.0</types1:VersionLabel>
      <types1:State>CURRENT</types1:State>
      <types1:ProcessGroup/>
      <types1:CreatedBy>lokesh.aggarwal@knoldus.com</types1:CreatedBy>
      <types1:CreationDate>2021-05-06T12:03:23Z</types1:CreationDate>
      <types1:ModifiedBy/>
      <types1:PublicationStatus>published</types1:PublicationStatus>
      <types1:PublishedBy>lokesh.aggarwal@knoldus.com</types1:PublishedBy>
      <types1:PublicationDate>2021-05-06T12:03:28Z</types1:PublicationDate>
      <types1:PublishedContributionId>project:/rt.connection/ApigeeConnection/ApigeeConnection.conn.xml</types1:PublishedContributionId>
      <types1:AutosaveExists>false</types1:AutosaveExists>
      <types1:Entry>
         <connection xmlns="http://schemas.informatica.com/socrates/data-services/2014/04/avosConnections.xsd"
                     displayName="ApigeeConnection"
                     label="ApigeeConnection"
                     name="ApigeeConnection">
            <description/>
            <tags/>
            <agent/>
            <attributes/>
            <businessConnector xmlns="http://schemas.informatica.com/appmodules/screenflow/2014/04/avosConnectors.xsd"
                               agentOnly="false"
                               connectorPath="project:/rt.connector/ApigeeConnector/ApigeeConnector_svcDef.xml"
                               guid="1S9jJnBLkPhjVe7YPodoek"
                               name="ApigeeConnector"
                               supportsConnectionTest="false"
                               uuid="cf646dc8-2ac8-4c34-bac2-872979a97966">
               <description/>
            </businessConnector>
         </connection>
      </types1:Entry>
      <types1:GUID>9vgHNV4yTi0hHTSx02gDyF</types1:GUID>
      <types1:DisplayName>ApigeeConnection</types1:DisplayName>
   </types1:Item>
   <types1:CurrentServerDateTime>2021-05-06T12:22:30.368Z</types1:CurrentServerDateTime>
</aetgt:getResponse>
