<aetgt:getResponse xmlns:aetgt="http://schemas.active-endpoints.com/appmodules/repository/2010/10/avrepository.xsd"
                   xmlns:types1="http://schemas.active-endpoints.com/appmodules/repository/2010/10/avrepository.xsd">
   <types1:Item>
      <types1:EntryId>C6LlRkPUEbfV3HR-gt-6552089-2021-05-06T11:53:39.457Z::svc.xml</types1:EntryId>
      <types1:Name>ApigeeConnector</types1:Name>
      <types1:ParentFlowIds>q3C7snSDg8SOlA1-gt-64769-2021-05-06T12:03:22.62Z::conn.xml</types1:ParentFlowIds>
      <types1:MimeType>application/xml+businesssconnector</types1:MimeType>
      <types1:Description/>
      <types1:AppliesTo/>
      <types1:Tags/>
      <types1:VersionLabel>1.0</types1:VersionLabel>
      <types1:State>CURRENT</types1:State>
      <types1:ProcessGroup/>
      <types1:CreatedBy>lokesh.aggarwal@knoldus.com</types1:CreatedBy>
      <types1:CreationDate>2021-05-06T11:53:39Z</types1:CreationDate>
      <types1:ModifiedBy>lokesh.aggarwal@knoldus.com</types1:ModifiedBy>
      <types1:ModificationDate>2021-05-06T11:54:16Z</types1:ModificationDate>
      <types1:PublicationStatus>published</types1:PublicationStatus>
      <types1:PublishedBy>lokesh.aggarwal@knoldus.com</types1:PublishedBy>
      <types1:PublicationDate>2021-05-06T11:54:19Z</types1:PublicationDate>
      <types1:PublishedContributionId>project:/rt.connector/ApigeeConnector/ApigeeConnector_svcDef.xml</types1:PublishedContributionId>
      <types1:AutosaveExists>false</types1:AutosaveExists>
      <types1:Entry>
         <businessConnector xmlns="http://schemas.informatica.com/socrates/data-services/2014/05/business-connector-model.xsd"
                            agentOnly="false"
                            debug="false"
                            displayName="ApigeeConnector"
                            label=""
                            name="ApigeeConnector"
                            uuid="cf646dc8-2ac8-4c34-bac2-872979a97966">
            <description/>
            <tags/>
            <connectionAttributes xmlns="http://schemas.informatica.com/appmodules/screenflow/2014/04/avosConnectors.xsd"/>
            <actions>
               <action category=""
                       failOnError="true"
                       forSearch="false"
                       label="Apigee_call"
                       maxRedirects="100"
                       name="Apigee_call"
                       preemptiveAuth="true"
                       responseEncoding="">
                  <description/>
                  <input>
                     <parameter name="customerId" required="false" testWith="123" type="string"/>
                     <parameter name="name" required="false" testWith="ram" type="string"/>
                  </input>
                  <binding>
                     <restSimpleBinding multiUsing="semicolonSeparated"
                                        url="http://lokeshaggarwal-eval-test.apigee.net/updateprofile/updateprofile"
                                        verb="GET"/>
                  </binding>
                  <output>
                     <field description=""
                            entireResponse="true"
                            name="response"
                            type="reference">
                        <options>
                           <option name="referenceTo">root</option>
                        </options>
                     </field>
                  </output>
               </action>
            </actions>
            <objects>
               <processObject xmlns="http://schemas.active-endpoints.com/appmodules/screenflow/2011/06/avosHostEnvironment.xsd"
                              isByCopy="true"
                              name="root">
                  <description>An automatically generated process object</description>
                  <detail>
                     <field name="bankAccount" type="int"/>
                     <field name="address" type="string"/>
                     <field name="name" type="string"/>
                     <field name="id" type="string"/>
                     <field name="vehicle" type="string"/>
                     <field name="status" type="string"/>
                  </detail>
               </processObject>
            </objects>
         </businessConnector>
      </types1:Entry>
      <types1:GUID>1S9jJnBLkPhjVe7YPodoek</types1:GUID>
      <types1:DisplayName>ApigeeConnector</types1:DisplayName>
   </types1:Item>
   <types1:CurrentServerDateTime>2021-05-06T12:22:30.232Z</types1:CurrentServerDateTime>
</aetgt:getResponse>
