<aetgt:getResponse xmlns:aetgt="http://schemas.active-endpoints.com/appmodules/repository/2010/10/avrepository.xsd"
                   xmlns:types1="http://schemas.active-endpoints.com/appmodules/repository/2010/10/avrepository.xsd">
   <types1:Item>
      <types1:EntryId>0JQhtGci3zymbdu-gt-64780-2021-05-06T12:09:06.997Z::po.xml</types1:EntryId>
      <types1:Name>customerResponse</types1:Name>
      <types1:ParentFlowIds>abcmWR7hsAVR3aa-gt-67029-2021-05-06T11:45:01Z::pd.xml</types1:ParentFlowIds>
      <types1:MimeType>application/xml+processobject</types1:MimeType>
      <types1:Description/>
      <types1:AppliesTo/>
      <types1:Tags/>
      <types1:VersionLabel>1.0</types1:VersionLabel>
      <types1:State>CURRENT</types1:State>
      <types1:ProcessGroup/>
      <types1:CreatedBy>lokesh.aggarwal@knoldus.com</types1:CreatedBy>
      <types1:CreationDate>2021-05-06T12:09:07Z</types1:CreationDate>
      <types1:ModifiedBy/>
      <types1:PublicationStatus>unpublished</types1:PublicationStatus>
      <types1:AutosaveExists>false</types1:AutosaveExists>
      <types1:Entry>
         <processObject xmlns="http://schemas.active-endpoints.com/appmodules/screenflow/2011/06/avosHostEnvironment.xsd"
                        displayName="customerResponse"
                        isByCopy="true"
                        name="customerResponse">
            <description/>
            <tags/>
            <detail>
               <field label="id" name="id" type="string"/>
               <field label="name" name="name" type="string"/>
               <field label="bankAccount" name="bankAccount" type="string"/>
               <field label="status" name="status" type="string"/>
               <field label="address" name="address" type="string"/>
               <field label="vehicle" name="vehicle" type="string"/>
            </detail>
         </processObject>
      </types1:Entry>
      <types1:GUID>3bWKS3MIIKRbGyfGjoG4a3</types1:GUID>
      <types1:DisplayName>customerResponse</types1:DisplayName>
   </types1:Item>
   <types1:CurrentServerDateTime>2021-05-06T12:22:30.242Z</types1:CurrentServerDateTime>
</aetgt:getResponse>
