<aetgt:getResponse xmlns:aetgt="http://schemas.active-endpoints.com/appmodules/repository/2010/10/avrepository.xsd"
                   xmlns:types1="http://schemas.active-endpoints.com/appmodules/repository/2010/10/avrepository.xsd">
   <types1:Item>
      <types1:EntryId>abcmWR7hsAVR3aa-gt-67029-2021-05-06T11:45:01Z::pd.xml</types1:EntryId>
      <types1:Name>Customers</types1:Name>
      <types1:MimeType>application/xml+process</types1:MimeType>
      <types1:Description/>
      <types1:AppliesTo/>
      <types1:Tags>.anonymous</types1:Tags>
      <types1:VersionLabel>1.0</types1:VersionLabel>
      <types1:State>CURRENT</types1:State>
      <types1:ProcessGroup/>
      <types1:CreatedBy>lokesh.aggarwal@knoldus.com</types1:CreatedBy>
      <types1:CreationDate>2021-05-06T11:45:01Z</types1:CreationDate>
      <types1:ModifiedBy>lokesh.aggarwal@knoldus.com</types1:ModifiedBy>
      <types1:ModificationDate>2021-05-06T12:19:35Z</types1:ModificationDate>
      <types1:PublicationStatus>published</types1:PublicationStatus>
      <types1:PublishedBy>lokesh.aggarwal@knoldus.com</types1:PublishedBy>
      <types1:PublicationDate>2021-05-06T12:19:39Z</types1:PublicationDate>
      <types1:PublishedContributionId>project:/spi.Customers/Customers.pd.xml</types1:PublishedContributionId>
      <types1:AutosaveExists>false</types1:AutosaveExists>
      <types1:Entry>
         <process xmlns="http://schemas.active-endpoints.com/appmodules/screenflow/2010/10/avosScreenflow.xsd"
                  xmlns:list="urn:activevos:spi:list:functions"
                  displayName="Customers"
                  name="Customers"
                  overrideAPIName="false">
            <appliesTo/>
            <description/>
            <tags>.anonymous</tags>
            <generator>Informatica Process Designer 11</generator>
            <input>
               <parameter description="" name="customerId" required="true" type="string">
                  <options>
                     <option name="required">false</option>
                  </options>
               </parameter>
               <parameter description="" name="name" required="true" type="string">
                  <options>
                     <option name="required">false</option>
                  </options>
               </parameter>
            </input>
            <output>
               <field description="" name="temp_response" type="reference">
                  <options>
                     <option name="referenceTo">$po:customerResponse</option>
                     <option name="required">false</option>
                     <option name="isCopy">true</option>
                     <option name="guid">3bWKS3MIIKRbGyfGjoG4a3</option>
                  </options>
               </field>
            </output>
            <notes/>
            <deployment suspendOnFault="false" tracingLevel="verbose">
               <rest>
                  <allowAnonymousAccess/>
                  <wholePayload outputWholePayload="true"/>
               </rest>
            </deployment>
            <flow id="a">
               <start id="b">
                  <link id="koctkset" targetId="kocuketf"/>
               </start>
               <eventContainer id="kocuketf">
                  <service id="koctkses">
                     <title>Apigee_call</title>
                     <serviceName>ApigeeConnection:Apigee_call</serviceName>
                     <serviceGUID>9vgHNV4yTi0hHTSx02gDyF</serviceGUID>
                     <serviceInput>
                        <parameter name="customerId" source="field" updatable="true">input.customerId</parameter>
                        <parameter name="name" source="field" updatable="true">input.name</parameter>
                     </serviceInput>
                  </service>
                  <flow id="kocuketh">
                     <link id="kocuketi" targetId="kocuketf" type="containerLink"/>
                  </flow>
                  <flow id="kocuketk">
                     <end id="kocuketp">
                        <title>Internal Server error</title>
                        <httpStatus>500</httpStatus>
                     </end>
                  </flow>
                  <link id="kocuketg" targetId="kocuketh" type="containerLink"/>
                  <link id="kocuket1" targetId="kocuket0"/>
                  <events>
                     <catch faultField="faultInfo" id="kocukete" interrupting="true">
                        <link id="kocuketj" targetId="kocuketk" type="containerLink"/>
                     </catch>
                  </events>
               </eventContainer>
               <assignment id="kocuket0">
                  <title>Assign response</title>
                  <operation source="formula" to="output.temp_response">
                     <expression language="XQuery">$output.response </expression>
                  </operation>
                  <link id="kocuket2" targetId="c"/>
               </assignment>
               <end id="c">
                  <title>OK</title>
               </end>
            </flow>
         </process>
      </types1:Entry>
      <types1:GUID>hFnp4OA1aSihwIGNlK0nET</types1:GUID>
      <types1:DisplayName>Customers</types1:DisplayName>
   </types1:Item>
   <types1:CurrentServerDateTime>2021-05-06T12:22:30.46Z</types1:CurrentServerDateTime>
</aetgt:getResponse>
